State,2007_1_Temp,2007_1_Count,2007_1_price,2007_1_Megawatthours,2007_2_Temp,2007_2_Count,2007_2_price,2007_2_Megawatthours,2007_3_Temp,2007_3_Count,2007_3_price,2007_3_Megawatthours,2007_4_Temp,2007_4_Count,2007_4_price,2007_4_Megawatthours,2007_5_Temp,2007_5_Count,2007_5_price,2007_5_Megawatthours,2007_6_Temp,2007_6_Count,2007_6_price,2007_6_Megawatthours,2007_7_Temp,2007_7_Count,2007_7_price,2007_7_Megawatthours,2007_8_Temp,2007_8_Count,2007_8_price,2007_8_Megawatthours,2007_9_Temp,2007_9_Count,2007_9_price,2007_9_Megawatthours,2007_10_Temp,2007_10_Count,2007_10_price,2007_10_Megawatthours,2007_11_Temp,2007_11_Count,2007_11_price,2007_11_Megawatthours,2007_12_Temp,2007_12_Count,2007_12_price,2007_12_Megawatthours,2008_1_Temp,2008_1_Count,2008_1_price,2008_1_Megawatthours,2008_2_Temp,2008_2_Count,2008_2_price,2008_2_Megawatthours,2008_3_Temp,2008_3_Count,2008_3_price,2008_3_Megawatthours,2008_4_Temp,2008_4_Count,2008_4_price,2008_4_Megawatthours,2008_5_Temp,2008_5_Count,2008_5_price,2008_5_Megawatthours,2008_6_Temp,2008_6_Count,2008_6_price,2008_6_Megawatthours,2008_7_Temp,2008_7_Count,2008_7_price,2008_7_Megawatthours,2008_8_Temp,2008_8_Count,2008_8_price,2008_8_Megawatthours,2008_9_Temp,2008_9_Count,2008_9_price,2008_9_Megawatthours,2008_10_Temp,2008_10_Count,2008_10_price,2008_10_Megawatthours,2008_11_Temp,2008_11_Count,2008_11_price,2008_11_Megawatthours,2008_12_Temp,2008_12_Count,2008_12_price,2008_12_Megawatthours,2009_1_Temp,2009_1_Count,2009_1_price,2009_1_Megawatthours,2009_2_Temp,2009_2_Count,2009_2_price,2009_2_Megawatthours,2009_3_Temp,2009_3_Count,2009_3_price,2009_3_Megawatthours,2009_4_Temp,2009_4_Count,2009_4_price,2009_4_Megawatthours,2009_5_Temp,2009_5_Count,2009_5_price,2009_5_Megawatthours,2009_6_Temp,2009_6_Count,2009_6_price,2009_6_Megawatthours,2009_7_Temp,2009_7_Count,2009_7_price,2009_7_Megawatthours,2009_8_Temp,2009_8_Count,2009_8_price,2009_8_Megawatthours,2009_9_Temp,2009_9_Count,2009_9_price,2009_9_Megawatthours,2009_10_Temp,2009_10_Count,2009_10_price,2009_10_Megawatthours,2009_11_Temp,2009_11_Count,2009_11_price,2009_11_Megawatthours,2009_12_Temp,2009_12_Count,2009_12_price,2009_12_Megawatthours,2010_1_Temp,2010_1_Count,2010_1_price,2010_1_Megawatthours,2010_2_Temp,2010_2_Count,2010_2_price,2010_2_Megawatthours,2010_3_Temp,2010_3_Count,2010_3_price,2010_3_Megawatthours,2010_4_Temp,2010_4_Count,2010_4_price,2010_4_Megawatthours,2010_5_Temp,2010_5_Count,2010_5_price,2010_5_Megawatthours,2010_6_Temp,2010_6_Count,2010_6_price,2010_6_Megawatthours,2010_7_Temp,2010_7_Count,2010_7_price,2010_7_Megawatthours,2010_8_Temp,2010_8_Count,2010_8_price,2010_8_Megawatthours,2010_9_Temp,2010_9_Count,2010_9_price,2010_9_Megawatthours,2010_10_Temp,2010_10_Count,2010_10_price,2010_10_Megawatthours,2010_11_Temp,2010_11_Count,2010_11_price,2010_11_Megawatthours,2010_12_Temp,2010_12_Count,2010_12_price,2010_12_Megawatthours,2011_1_Temp,2011_1_Count,2011_1_price,2011_1_Megawatthours,2011_2_Temp,2011_2_Count,2011_2_price,2011_2_Megawatthours,2011_3_Temp,2011_3_Count,2011_3_price,2011_3_Megawatthours,2011_4_Temp,2011_4_Count,2011_4_price,2011_4_Megawatthours,2011_5_Temp,2011_5_Count,2011_5_price,2011_5_Megawatthours,2011_6_Temp,2011_6_Count,2011_6_price,2011_6_Megawatthours,2011_7_Temp,2011_7_Count,2011_7_price,2011_7_Megawatthours,2011_8_Temp,2011_8_Count,2011_8_price,2011_8_Megawatthours,2011_9_Temp,2011_9_Count,2011_9_price,2011_9_Megawatthours,2011_10_Temp,2011_10_Count,2011_10_price,2011_10_Megawatthours,2011_11_Temp,2011_11_Count,2011_11_price,2011_11_Megawatthours,2011_12_Temp,2011_12_Count,2011_12_price,2011_12_Megawatthours,2012_1_Temp,2012_1_Count,2012_1_price,2012_1_Megawatthours,2012_2_Temp,2012_2_Count,2012_2_price,2012_2_Megawatthours,2012_3_Temp,2012_3_Count,2012_3_price,2012_3_Megawatthours,2012_4_Temp,2012_4_Count,2012_4_price,2012_4_Megawatthours,2012_5_Temp,2012_5_Count,2012_5_price,2012_5_Megawatthours,2012_6_Temp,2012_6_Count,2012_6_price,2012_6_Megawatthours,2012_7_Temp,2012_7_Count,2012_7_price,2012_7_Megawatthours,2012_8_Temp,2012_8_Count,2012_8_price,2012_8_Megawatthours,2012_9_Temp,2012_9_Count,2012_9_price,2012_9_Megawatthours,2012_10_Temp,2012_10_Count,2012_10_price,2012_10_Megawatthours,2012_11_Temp,2012_11_Count,2012_11_price,2012_11_Megawatthours,2012_12_Temp,2012_12_Count,2012_12_price,2012_12_Megawatthours,2013_1_Temp,2013_1_Count,2013_1_price,2013_1_Megawatthours,2013_2_Temp,2013_2_Count,2013_2_price,2013_2_Megawatthours,2013_3_Temp,2013_3_Count,2013_3_price,2013_3_Megawatthours,2013_4_Temp,2013_4_Count,2013_4_price,2013_4_Megawatthours,2013_5_Temp,2013_5_Count,2013_5_price,2013_5_Megawatthours,2013_6_Temp,2013_6_Count,2013_6_price,2013_6_Megawatthours,2013_7_Temp,2013_7_Count,2013_7_price,2013_7_Megawatthours,2013_8_Temp,2013_8_Count,2013_8_price,2013_8_Megawatthours,2013_9_Temp,2013_9_Count,2013_9_price,2013_9_Megawatthours,2013_10_Temp,2013_10_Count,2013_10_price,2013_10_Megawatthours,2013_11_Temp,2013_11_Count,2013_11_price,2013_11_Megawatthours,2013_12_Temp,2013_12_Count,2013_12_price,2013_12_Megawatthours,2014_1_Temp,2014_1_Count,2014_1_price,2014_1_Megawatthours,2014_2_Temp,2014_2_Count,2014_2_price,2014_2_Megawatthours,2014_3_Temp,2014_3_Count,2014_3_price,2014_3_Megawatthours,2014_4_Temp,2014_4_Count,2014_4_price,2014_4_Megawatthours,2014_5_Temp,2014_5_Count,2014_5_price,2014_5_Megawatthours,2014_6_Temp,2014_6_Count,2014_6_price,2014_6_Megawatthours,2014_7_Temp,2014_7_Count,2014_7_price,2014_7_Megawatthours,2014_8_Temp,2014_8_Count,2014_8_price,2014_8_Megawatthours,2014_9_Temp,2014_9_Count,2014_9_price,2014_9_Megawatthours,2014_10_Temp,2014_10_Count,2014_10_price,2014_10_Megawatthours,2014_11_Temp,2014_11_Count,2014_11_price,2014_11_Megawatthours,2014_12_Temp,2014_12_Count,2014_12_price,2014_12_Megawatthours,2015_1_Temp,2015_1_Count,2015_1_price,2015_1_Megawatthours,2015_2_Temp,2015_2_Count,2015_2_price,2015_2_Megawatthours,2015_3_Temp,2015_3_Count,2015_3_price,2015_3_Megawatthours,2015_4_Temp,2015_4_Count,2015_4_price,2015_4_Megawatthours,2015_5_Temp,2015_5_Count,2015_5_price,2015_5_Megawatthours,2015_6_Temp,2015_6_Count,2015_6_price,2015_6_Megawatthours,2015_7_Temp,2015_7_Count,2015_7_price,2015_7_Megawatthours,2015_8_Temp,2015_8_Count,2015_8_price,2015_8_Megawatthours,2015_9_Temp,2015_9_Count,2015_9_price,2015_9_Megawatthours,2015_10_Temp,2015_10_Count,2015_10_price,2015_10_Megawatthours,2015_11_Temp,2015_11_Count,2015_11_price,2015_11_Megawatthours,2015_12_Temp,2015_12_Count,2015_12_price,2015_12_Megawatthours,2016_1_Temp,2016_1_Count,2016_1_price,2016_1_Megawatthours,2016_2_Temp,2016_2_Count,2016_2_price,2016_2_Megawatthours,2016_3_Temp,2016_3_Count,2016_3_price,2016_3_Megawatthours,2016_4_Temp,2016_4_Count,2016_4_price,2016_4_Megawatthours,2016_5_Temp,2016_5_Count,2016_5_price,2016_5_Megawatthours,2016_6_Temp,2016_6_Count,2016_6_price,2016_6_Megawatthours,2016_7_Temp,2016_7_Count,2016_7_price,2016_7_Megawatthours,2016_8_Temp,2016_8_Count,2016_8_price,2016_8_Megawatthours,2016_9_Temp,2016_9_Count,2016_9_price,2016_9_Megawatthours,2016_10_Temp,2016_10_Count,2016_10_price,2016_10_Megawatthours,2016_11_Temp,2016_11_Count,2016_11_price,2016_11_Megawatthours,2016_12_Temp,2016_12_Count,2016_12_price,2016_12_Megawatthours,2017_1_Temp,2017_1_Count,2017_1_price,2017_1_Megawatthours,2017_2_Temp,2017_2_Count,2017_2_price,2017_2_Megawatthours,2017_3_Temp,2017_3_Count,2017_3_price,2017_3_Megawatthours,2017_4_Temp,2017_4_Count,2017_4_price,2017_4_Megawatthours,2017_5_Temp,2017_5_Count,2017_5_price,2017_5_Megawatthours,2017_6_Temp,2017_6_Count,2017_6_price,2017_6_Megawatthours,2017_7_Temp,2017_7_Count,2017_7_price,2017_7_Megawatthours,2017_8_Temp,2017_8_Count,2017_8_price,2017_8_Megawatthours,2017_9_Temp,2017_9_Count,2017_9_price,2017_9_Megawatthours,2017_10_Temp,2017_10_Count,2017_10_price,2017_10_Megawatthours
CT,31.3,1566683,16.97,2804614,23.3,1570096,17.14,2750957,35.1,1577029,16.73,2821310,44.8,1577087,16.64,2514365,59.6,1575278,16.53,2661660,66.6,1574485,16.51,2871706,70.9,1575085,16.7,3170940,70.3,1579266,16.14,3323599,64.6,1584183,16.0,2736996,57.8,1585193,15.97,2742470,39.9,1588834,15.99,2712602,30.2,1585523,16.09,3017888,29.7,1612550,16.93,2718811,29.8,1612660,17.12,2462156,36.5,1615349,16.56,2739935,49.6,1614371,17.33,2424892,55.1,1614617,17.85,2065419,68.6,1613635,17.64,2671459,73.3,1612814,18.2,3056291,67.8,1614677,19.24,2661373,63.3,1617325,18.37,2724022,50.0,1612503,18.33,2374160,40.5,1604785,18.11,2382549,32.2,1606469,17.88,2675478,21.0,1601985,18.13,2838961,30.2,1597074,18.35,2666295,36.8,1597875,18.12,2501661,49.3,1600340,18.09,2276015,57.8,1599808,18.11,2204349,64.0,1597242,18.22,2287897,68.7,1606285,18.07,2623191,71.7,1596617,18.02,2784290,61.0,1597676,17.87,2537634,49.5,1598871,18.13,2281636,46.0,1600007,17.95,2171228,30.1,1609884,17.77,2542608,27.0,1626684,17.63,2848006,29.8,1618417,17.56,2466530,43.0,1618684,17.5,2442711,52.0,1618135,17.56,2240761,60.9,1615022,17.6,2130521,68.9,1602576,17.39,2577600,75.1,1602294,17.44,2957329,71.0,1601616,17.19,3010478,65.6,1603725,17.2,2685624,52.8,1603980,17.3,2236197,41.9,1606627,17.38,2214435,28.2,1609779,16.93,2581575,23.2,1614219,16.79,2780309,27.1,1572803,16.21,2390927,37.0,1614558,16.37,2436332,48.9,1612808,16.41,2260627,59.7,1611524,16.34,2300770,66.9,1610761,16.41,2502915,74.1,1609445,16.35,2893149,70.8,1610758,16.17,2995189,66.4,1610734,16.11,2518712,53.4,1610594,16.31,2240715,45.9,1612710,16.35,2153066,36.9,1613597,16.34,2386284,31.7,1612657,15.88,2616524,35.0,1612622,15.54,2415610,45.8,1611734,15.41,2355589,49.7,1611291,15.59,2128348,61.6,1610561,15.49,2183970,66.4,1609677,15.37,2397054,74.1,1608973,15.49,2968009,72.0,1608686,15.41,3037225,63.3,1609073,15.46,2591456,54.7,1598119,15.77,2148332,39.4,1611950,15.78,2198796,35.9,1611468,15.4,2451424,28.8,1610872,15.5,2635480,29.2,1610213,15.77,2560131,36.0,1607552,15.67,2383806,47.3,1610243,15.47,2340505,58.2,1609642,15.58,2138690,67.7,1609643,15.67,2436415,75.9,1610967,15.53,3086004,68.7,1609711,15.48,2832046,61.4,1610192,15.68,2505320,53.4,1609417,15.84,2136396,39.8,1609782,15.95,2165826,31.0,1611203,15.83,2603898,23.6,1611301,17.18,2785960,25.0,1610692,17.73,2635436,30.6,1607378,17.55,2472284,46.7,1603642,17.1,2227613,58.3,1598265,16.67,2182974,66.8,1628052,16.93,2294336,71.9,1627896,16.66,2754110,68.4,1627455,16.89,2643902,63.6,1627682,16.79,2505926,54.1,1626758,16.72,2108253,39.7,1629766,16.84,2221734,35.4,1632281,17.39,2521931,23.3,1633962,18.49,2676485,15.8,1634594,19.27,2681912,31.0,1624984,19.16,2553949,47.0,1624099,18.55,2303637,62.7,1623123,18.67,2040457,65.3,1622396,18.13,2375316,72.2,1621825,17.04,2756021,72.0,1622124,16.69,2828456,67.8,1624358,16.66,2702934,51.4,1625903,17.05,2174695,46.1,1626702,16.88,2071611,43.5,1626722,16.73,2310682,29.7,1629430,17.18,2552683,32.0,1641768,17.92,2374062,43.2,1640407,17.82,2301292,46.8,1644557,17.56,2180415,58.4,1643725,17.7,2019629,67.4,1642971,17.6,2446162,74.1,1643049,17.15,2736036,73.9,1644378,16.73,3044423,66.2,1644554,16.77,2695886,53.5,1646490,17.07,2094294,43.5,1648325,17.02,2079391,32.6,1650343,16.7,2406814,32.8,1650921,17.15,2533087,34.5,1651027,17.44,2238645,33.3,1648826,17.5,2257219,51.8,1653558,17.36,2181159,56.5,1656346,17.66,1996033,67.0,1653979,17.51,2341337,71.7,1652729,17.87,2705914,69.0,1654167,17.73,2649395,66.1,1654696,18.02,2278724,58.6,1655641,18.14,2121880
KS,27.0,1094242,6.29,3284756,30.0,1096030,6.34,3096718,52.3,1097576,6.51,2886253,50.9,1028230,6.65,2860468,65.9,1033177,6.89,3116223,72.3,1030993,7.49,3503835,78.0,1035809,7.59,4008593,81.5,1032515,7.38,4473683,70.5,1032125,7.01,3574855,59.1,1029245,6.67,3065986,44.1,1033961,6.4,3023804,29.3,1032644,6.25,3270802,30.0,1500208,6.44,3400588,32.3,1506473,6.51,3180409,43.2,1507209,7.07,3012509,50.5,1508642,7.13,2894405,63.0,1512501,7.43,3059557,73.8,1513306,8.24,3717988,78.6,1518650,8.75,4155312,75.2,1518998,8.27,4049254,66.4,1513701,7.61,3304817,55.4,1511984,7.26,2967079,44.6,1515597,6.99,2907266,29.9,1515968,6.97,3315878,31.4,1445443,7.24,3292993,39.7,1450290,7.85,2845170,44.4,1447448,7.86,2849198,52.1,1448839,7.9,2810003,63.0,1452842,7.98,2977186,74.4,1452499,8.47,3667058,75.6,1457602,8.3,3812451,74.4,1453877,8.47,3808676,65.3,1450628,8.22,3198443,48.8,1449040,7.94,2874538,47.6,1453262,7.75,2799127,26.5,1452514,7.49,3308499,27.2,1451783,7.55,3610636,29.9,1449704,7.94,2991842,44.2,1453812,8.04,2978921,57.8,1454466,8.1,2742572,62.1,1458067,8.21,3038553,77.0,1464530,8.65,3848859,79.6,1474926,9.06,4234490,79.7,1469084,9.06,4373301,70.8,1464414,8.59,3559715,59.1,1459770,8.18,2941602,43.6,1468442,8.13,2834543,32.3,1407902,8.04,3265639,27.3,1452383,8.18,3423634,30.2,1458891,8.33,3199673,44.1,1452811,8.5,3003544,55.2,1459364,8.63,2832377,62.6,1461763,8.91,3070642,76.8,1463145,9.45,3858223,84.9,1468502,9.63,4557839,80.9,1468347,9.56,4350523,66.2,1463179,9.11,3431318,57.5,1460663,8.63,2944832,43.7,1462217,8.51,2860857,33.1,1463570,8.43,3226938,36.1,1460343,8.75,3257143,37.1,1460082,8.95,2949618,55.5,1462119,8.88,2917175,59.2,1462593,8.94,2874606,69.0,1468722,9.28,3316475,77.5,1468136,9.93,3848111,84.4,1474384,9.98,4557096,76.5,1469164,9.84,4079544,68.2,1466841,9.56,3400998,54.0,1462861,9.19,2978461,46.5,1469408,8.94,2922362,34.6,1468312,9.1,3191887,32.3,1466362,9.22,3317410,33.6,1467393,9.55,2948411,40.3,1468065,9.45,3093369,48.4,1470971,9.59,2820368,63.3,1474336,9.75,3043796,75.2,1475388,10.17,3577516,77.2,1480504,10.29,3998894,76.5,1479984,10.23,3945577,72.1,1476111,9.93,3617904,55.2,1472336,9.43,3082238,41.3,1477866,9.29,3002359,29.2,1477247,9.33,3399557,29.6,1471504,9.51,3600383,27.8,1473684,9.57,3262517,40.6,1471684,9.91,3165654,54.0,1475959,10.04,2805116,64.7,1479981,10.18,3176260,73.6,1479177,10.48,3647687,75.4,1492527,10.84,3975902,78.3,1487625,10.87,4085260,68.2,1486165,10.36,3560920,58.9,1483396,10.22,2991722,38.5,1488507,10.01,3017578,34.6,1489809,9.58,3272607,32.1,1476293,9.75,3438320,31.2,1477880,9.89,3187985,46.8,1479855,9.97,3031814,56.4,1480079,10.12,2737530,61.7,1485578,10.18,2973794,75.8,1485152,10.57,3729333,78.9,1494706,10.57,4099635,75.2,1488393,10.4,4031316,74.2,1486558,10.14,3686732,59.2,1484376,9.86,2972642,46.5,1486191,10.0,2857310,37.6,1487569,10.0,3102717,32.0,1501075,10.08,3449518,40.8,1503598,10.29,3062160,49.7,1504875,10.41,2847082,56.3,1505507,10.3,2800795,61.6,1510523,10.57,3064359,77.5,1510801,11.02,3959786,79.7,1517987,10.95,4287718,76.4,1513392,10.87,4251261,70.8,1511499,10.53,3683172,61.5,1509795,10.43,3105594,49.9,1511474,10.08,2956025,29.8,1513355,9.99,3342703,33.0,1519220,9.96,3313460,43.2,1518893,10.1,2755325,49.0,1518905,10.35,2892479,55.6,1525772,10.45,2817625,62.2,1528893,10.67,3062743,75.1,1529671,10.99,3588069,80.1,1538872,11.17,4256887,73.1,1531807,11.04,3895040,70.6,1531823,10.9,3528421,57.7,1529947,10.5,3086221
KY,38.0,1436101,5.41,7974568,29.8,1437167,5.64,7862481,53.3,1438711,5.47,7432994,53.5,1436749,5.75,6992116,67.8,1438419,5.64,7275466,73.7,1439952,6.34,7254462,74.6,1440662,6.37,7772758,80.9,1442792,6.39,8508861,71.9,1442427,5.8,8079931,62.4,1442621,5.63,7699066,46.0,1443806,5.71,7438404,40.7,1444621,5.83,8112993,33.3,2227827,5.56,8799076,37.5,2229407,5.72,8212696,45.2,2229890,5.87,8043021,55.4,2227673,5.79,7297977,61.8,2228949,5.91,7133673,74.3,2231492,6.77,7271636,75.2,2232194,6.98,7766074,73.9,2234076,6.83,7769940,71.0,2234168,6.46,7767665,56.7,2232342,6.58,7554195,43.2,2234868,6.51,7490930,36.7,2222547,6.25,8321532,30.2,2221249,6.55,8482896,38.9,2222304,6.68,7487036,48.1,2224969,6.44,7460220,55.8,2221868,6.34,7064228,64.8,2223305,6.42,6704186,73.9,2226150,6.86,6893115,71.8,2223006,7.11,7131093,73.6,2227471,7.06,7405454,69.0,2227793,6.48,7397543,53.8,2229051,6.07,7555549,49.2,2229859,6.04,7004762,35.6,2236969,6.22,8310675,29.8,2232682,6.33,8775745,30.6,2233895,6.48,8390868,46.5,2238226,5.81,7905498,59.9,2233528,6.32,7079638,67.3,2231551,6.5,7312963,77.0,2236842,6.92,7618355,78.4,2235921,7.27,8229996,78.3,2239505,7.57,8263170,70.0,2236067,6.99,7496856,58.2,2233651,6.93,6885849,47.1,2234171,6.8,6896273,29.0,2233692,6.86,8714215,30.2,2235558,6.9,8762907,39.1,2229367,6.99,7521784,47.9,2233315,6.83,7489866,58.8,2227965,6.87,6764859,64.2,2229177,7.39,6523652,74.2,2238557,7.49,7206307,79.5,2228674,7.62,8188193,75.8,2234696,7.6,8088387,66.9,2229821,7.45,7271842,55.6,2228379,6.89,7054490,49.9,2224363,6.89,7036051,41.0,2224951,7.06,7630002,38.7,2227792,7.07,8021766,41.2,2224461,7.02,7465639,58.0,2229168,6.95,7297659,57.3,2227323,6.96,6863107,69.4,2226572,7.35,7394482,72.5,2230788,7.62,7265412,80.5,2230883,7.64,8247890,74.6,2233692,7.59,7955907,67.3,2231911,7.55,7165574,55.2,2231450,6.98,6920347,43.2,2233160,7.06,6986478,43.0,2232655,7.2,7464228,36.7,2235074,7.35,8165995,36.8,2232792,7.44,7434497,39.4,2237179,7.35,7818568,55.2,2237398,7.24,6994965,64.9,2238473,7.5,6934681,72.9,2238193,7.91,7115473,74.0,2239718,8.15,7464988,73.7,2241316,8.0,7582421,69.1,2241147,8.06,6609188,57.6,2242527,7.69,5967091,42.8,2244277,7.73,5982054,37.4,2246303,7.93,6693921,26.8,2244946,8.21,7762820,33.2,2245363,8.27,6941229,41.5,2244147,8.2,6603258,57.4,2242363,8.08,5643993,66.1,2243034,8.15,6076471,74.1,2242946,8.43,6682101,72.6,2245057,8.49,6916839,75.1,2241397,8.26,6994504,68.2,2242270,8.11,6406675,57.6,2244368,7.77,5903789,39.8,2245318,7.84,6217530,39.7,2247311,7.88,6689716,32.2,2249431,7.89,7190168,26.3,2249291,8.17,7010608,44.5,2251029,7.94,6586495,57.4,2249859,7.89,5649250,67.3,2250000,7.81,6077362,74.2,2252436,8.05,6584831,76.5,2255359,8.31,7059421,72.8,2256339,8.56,6893966,70.2,2256511,8.44,6352483,57.8,2257749,8.15,5592192,50.9,2258179,8.22,5322842,48.7,2260858,8.22,5719013,31.6,2259773,8.27,6740713,38.9,2262555,8.15,6323255,51.8,2262728,8.06,5747877,57.3,2263331,8.12,5397023,62.9,2263622,8.08,5561833,74.9,2265632,8.58,6360639,77.9,2267250,8.71,7031589,78.0,2269589,8.65,7347448,72.2,2270270,8.68,6539600,62.7,2271478,8.44,5689681,49.9,2270004,8.51,5480818,37.0,2272173,8.6,6333101,40.8,2283544,8.43,6398786,46.1,2284209,8.43,5469328,47.9,2289777,8.28,5746283,61.4,2288053,8.24,5240265,64.9,2337549,8.23,5749674,71.6,2293843,8.44,6107529,76.8,2292492,8.68,6905717,72.9,2297244,8.49,6709620,68.2,2298600,8.57,5870544,59.3,2298472,8.3,5543046
MI,24.1,4332875,8.38,9122606,15.2,4335585,8.62,8453175,34.8,4336267,8.59,8600822,41.8,4332365,8.45,8118264,57.8,4328978,8.46,8548464,67.1,4409363,8.83,9894436,68.0,4405552,8.76,10002112,68.8,4403598,9.03,10708773,61.8,4402661,8.19,9017849,54.4,4401852,8.16,9003410,35.2,4403835,8.3,8825239,24.1,4324484,8.38,9001598,22.8,4820789,8.51,9306895,18.2,4824709,8.56,8773427,27.0,4826365,8.56,8750989,45.7,4819873,8.65,8089215,51.2,4815592,8.43,8112932,64.8,4812235,9.14,9327963,68.3,4811553,9.8,9933745,66.5,4801810,9.67,9330285,60.6,4807025,9.01,8877616,46.8,4814203,8.88,8232504,35.7,4805564,8.74,8050375,20.8,4902670,9.01,8995326,12.6,4803453,9.1,8740146,22.9,4798739,8.9,8217156,31.6,4798431,8.84,8096999,43.1,4803738,8.6,7445186,53.7,4811646,9.54,7351772,62.5,4807639,9.89,8117814,63.5,4801759,9.91,8348217,65.4,4800132,10.09,8944946,60.8,4640921,9.72,8130288,44.6,4796336,9.32,8086396,41.0,4788032,9.16,7871520,23.6,4797934,9.64,8770574,21.3,4781495,9.45,8832476,23.1,4782728,9.36,8025787,37.6,4784419,9.38,8184398,49.0,4781331,9.89,7541365,58.3,4780847,10.1,8370852,64.9,4776041,10.25,8907617,71.4,4778041,10.51,10368366,70.7,4783495,10.59,10311612,58.1,4774325,10.13,7960881,49.9,4762573,9.54,8008227,37.8,4771377,9.55,8137753,22.8,4781894,9.54,8999885,16.9,4734399,9.9,9092427,21.3,4729544,10.21,8089925,28.8,4825127,9.99,8751420,42.0,4818878,9.95,7858010,55.0,4821041,10.36,8180730,64.2,4818076,10.92,8949604,72.7,4808923,11.04,10846247,68.3,4823227,11.24,9886881,58.7,4810476,10.12,8280337,49.7,4737651,10.29,8129043,39.9,4737151,9.92,8160900,29.9,4736443,10.5,8828035,25.1,4795338,10.63,8885628,28.4,4786469,10.5,8265023,44.7,4809991,10.56,8237896,43.9,4775349,10.27,7724563,59.0,4777455,11.05,8567663,66.5,4778190,11.12,9391476,73.5,4776680,12.15,11002234,67.5,4782371,11.31,9670490,58.4,4772415,10.89,8195175,47.5,4787496,10.68,8237593,36.2,4787866,10.78,8052241,30.4,4787738,11.32,8588210,23.0,4802416,10.79,8986322,20.9,4793526,10.77,8160818,27.8,4799952,11.05,8495444,39.5,4796288,10.84,7823228,56.5,4800023,11.43,8263459,63.8,4794148,11.7,8612724,68.8,4805202,11.95,9776717,66.6,4802272,11.67,9341353,59.5,4805532,11.05,8267271,48.8,4799289,11.05,8212656,34.2,4778778,10.93,8134221,19.3,4810534,11.09,8964092,12.3,4813106,10.93,9327522,12.8,4806180,10.86,8364671,21.0,4801728,11.02,8832708,41.2,4802099,10.84,7799973,54.6,4810894,10.93,8238555,65.2,4794146,11.42,8950183,64.8,4806541,11.34,9086284,66.0,4806082,11.44,9375813,58.8,4814893,10.97,8301333,47.5,4821410,10.85,8086984,30.3,4808032,10.86,8228515,28.2,4820939,10.83,8721560,16.6,4815486,10.4,9114208,8.0,4815862,10.47,8550235,28.6,4821464,10.49,8550305,43.2,4818558,10.23,7735066,57.2,4812289,10.61,8304096,62.5,4816821,10.85,8562494,67.9,4817145,11.87,9183828,66.9,4819218,11.41,9418918,64.6,4824569,10.71,8741541,48.9,4829584,10.47,7944926,41.3,4829434,10.62,7860964,35.6,4840633,10.73,8513341,22.3,4839889,10.75,8875979,25.3,4843347,10.75,8091580,36.1,4848909,10.58,8301894,40.8,4838923,10.46,7842921,55.4,4850815,10.75,8249319,64.7,4852470,11.05,9096765,70.3,4846901,11.43,10155683,70.8,4856105,11.7,10551690,63.5,4866290,11.33,8705772,51.6,4872281,11.12,8026417,42.6,4870132,11.02,7836685,25.0,4884377,11.36,8733109,25.2,4908637,11.53,8783112,29.9,4911925,11.41,7716777,30.6,4915849,11.38,8322080,47.2,4906884,11.07,7538606,53.0,4925521,11.5,7984619,65.2,4918266,11.62,8898960,68.4,4918296,11.7,9693784,65.2,4917852,11.48,9166298,62.6,4918486,11.15,8460704,52.4,4932614,11.03,8049448
NJ,36.7,3776271,11.26,6624229,27.1,3795180,11.67,6256595,40.9,3805722,11.45,6480389,48.6,3781517,11.36,5993219,62.8,3798791,11.95,6317904,70.6,3803452,14.43,7297539,73.7,3798915,15.09,8051207,73.4,3798890,15.29,8355884,68.0,3866462,14.28,7049993,62.1,3795369,12.56,6632650,43.5,3804171,12.43,6171967,35.6,3808232,12.75,6702760,34.3,3853106,12.92,6812664,35.2,3920859,12.95,6431301,41.7,3884744,12.84,6353814,53.0,3886838,12.82,5766416,57.9,3876322,13.57,5651084,73.0,3910505,16.35,7320536,76.0,3885836,16.81,8702121,71.3,3909838,16.42,7765783,67.4,3900184,15.44,6974718,53.4,3884281,13.83,6133896,43.7,3905063,13.58,6054639,36.6,3892938,13.69,6552570,26.9,3898224,14.35,6727740,35.1,3900777,14.27,5987565,40.8,3893381,13.92,6196125,52.5,3960464,13.9,5336073,61.3,3775354,14.04,5887709,67.6,3928880,15.49,6420168,72.0,3922388,15.91,7026712,74.9,3942058,15.57,8324827,64.7,3960586,14.93,6346134,53.4,3960826,13.7,5706246,49.2,3973392,13.6,5428592,34.4,3929092,13.85,6391962,31.2,3942660,14.25,6725035,31.1,3931241,14.06,5954081,46.2,3941578,13.91,5973784,55.5,3951071,13.69,5520467,64.0,3962358,14.29,6044111,73.9,3941977,15.66,7212763,78.3,3944333,16.0,8782927,74.9,3943722,15.78,8128930,69.2,3961257,15.21,6966630,56.0,3944848,13.97,5810208,45.0,3941925,13.98,5615363,30.8,3950902,14.06,6445129,27.2,3964910,14.34,6831171,34.4,3941255,14.44,5855303,41.2,3943909,14.03,6021388,53.9,3939189,13.87,5429661,63.7,3948647,14.15,5991759,71.9,3942848,14.81,6764960,78.4,3962854,15.05,8570959,73.5,3951860,15.2,7827652,68.9,3951147,14.26,6808089,55.8,3951063,13.52,5647321,48.9,3964571,13.57,5242935,40.5,3958233,13.53,5868563,35.6,3953048,13.89,6286404,38.9,3936349,13.61,5743782,49.8,3949143,13.22,5608899,52.6,3954647,13.1,5357526,65.1,3942471,13.44,5975849,70.0,3943118,14.15,6670682,77.8,3966909,14.58,8374523,74.7,3956127,14.27,8149664,67.0,3962915,13.8,6195315,56.8,3951943,12.9,5486658,41.5,3956238,13.22,5439028,40.6,4022845,13.11,5764584,33.9,3893743,13.15,6211394,32.8,3944361,12.97,5835328,38.6,3981139,13.04,5914661,51.5,3956706,13.09,5120609,60.9,3957115,13.42,5718526,71.2,3953250,14.43,6714173,77.8,3963318,14.85,8455975,71.4,3947081,14.61,7287427,64.4,3967607,14.21,6047593,57.1,3969286,13.25,5672615,42.9,3969143,13.12,5618120,36.0,3964277,13.28,6045977,26.0,3969943,14.36,6578782,29.5,3978216,14.34,5925430,35.4,3983655,14.41,6217555,50.3,3989523,13.67,5358558,62.0,3995116,13.54,5345175,70.6,3998455,14.22,6563911,74.1,4000439,14.67,7809625,70.8,4000859,14.28,7020677,66.9,4002298,13.94,6098520,57.0,4002985,12.97,5587356,42.0,4005263,13.22,5442627,38.7,4007561,13.19,5917863,27.9,3990467,13.26,6638073,22.3,3995512,13.55,6058969,35.9,3997180,13.85,6097501,51.5,4004149,13.64,5173224,66.0,4013398,13.52,6012137,70.3,4008763,14.63,6642730,75.2,4029626,14.56,7880564,74.3,4019535,14.44,7770472,70.7,4024280,13.84,6704313,54.5,4030197,12.88,5505586,49.6,4030961,12.86,5321849,48.0,4026297,13.07,5684206,31.4,4023779,13.08,6146874,36.0,4015670,12.88,5799327,47.0,4034315,12.96,5591664,50.7,4025298,12.8,5093991,60.2,4025868,13.07,5731537,70.6,4043973,14.09,6531099,77.2,4037172,14.28,8259710,76.9,4042947,14.31,8451779,69.7,4053783,13.92,6745611,56.7,4038475,12.57,5664525,46.7,4046531,12.64,5329807,36.3,4052022,12.81,6013447,36.2,4052445,13.29,6080454,40.4,4045414,13.05,5419873,39.0,4064071,13.09,5879563,56.0,4044181,13.14,5059343,60.0,4072263,13.77,5494915,70.5,4071818,14.19,6633968,75.6,4073997,14.12,7789061,71.7,4070615,14.01,7221532,68.5,4083878,13.32,6262052,60.7,4076255,12.32,5541359
NM,30.8,737321,6.98,1868002,39.2,738669,7.37,1662176,47.6,739954,7.04,1689087,51.6,739521,7.19,1688238,60.0,740875,7.28,1738654,69.8,741478,7.55,1922152,73.3,742760,7.61,2157081,73.7,743980,7.77,2198998,67.0,744832,7.52,2029181,56.5,746189,7.65,1783578,46.1,746930,7.55,1724201,35.0,748343,7.57,1806045,32.5,978778,7.73,1885185,39.6,977963,7.76,1745262,44.9,979523,7.48,1694724,51.6,979761,7.73,1666876,60.2,979984,8.19,1747424,71.9,980788,9.03,1959508,72.0,982203,9.26,2086173,71.0,983539,9.53,2133072,63.7,983371,9.01,1872041,54.9,984090,8.44,1759787,44.6,983297,7.81,1686626,36.8,985522,7.65,1801431,37.8,983823,7.87,1810101,41.8,982446,8.35,1594215,47.2,983317,8.37,1623108,51.7,987502,7.68,1613610,63.6,987473,7.64,1780656,69.0,988294,8.33,1860031,74.8,987888,8.55,2097898,72.2,988772,8.68,2098136,63.9,988805,8.13,1874242,52.5,989597,8.06,1740169,45.2,988961,7.52,1697469,31.6,991954,7.74,1857502,33.6,994608,7.99,1864059,35.1,994809,8.14,1679919,43.1,996265,8.18,1723163,52.7,996431,8.05,1694632,59.9,996518,8.06,1738280,72.6,995958,8.78,2016473,73.4,995694,9.21,2165393,72.3,997205,9.44,2160662,68.3,997585,8.66,1992181,56.7,997776,8.26,1834420,42.0,997932,7.73,1712082,40.4,998911,7.76,1847080,33.8,998705,7.81,1899284,35.0,998106,8.31,1730380,49.2,999902,8.31,1713311,55.6,999200,8.07,1698508,59.6,999974,8.2,1818970,73.1,999370,9.05,2037474,76.6,1000292,9.47,2283742,76.0,1001371,9.8,2305958,66.3,1001241,9.13,2036359,55.3,1002302,9.46,1801132,43.5,1001807,8.35,1717392,31.4,1002632,8.39,1999155,38.6,1001514,8.37,1875107,38.2,1003291,8.51,1772162,47.8,1003734,8.33,1769492,56.6,1002796,8.07,1735957,63.4,1004327,8.5,1849215,74.2,1004180,9.34,2125121,74.4,1004631,9.69,2236328,73.9,1005895,9.74,2291239,66.2,1005784,9.2,2015593,56.1,1007504,8.78,1843840,46.6,1007316,8.24,1768379,36.0,1008249,8.59,1896135,32.0,1010176,8.71,1960025,36.1,1009178,8.94,1739847,46.6,1012315,8.95,1757781,52.6,1012310,8.58,1735366,61.6,1012350,8.94,1853569,74.1,1013630,9.92,2133064,73.0,1015586,10.16,2219027,72.3,1015932,10.23,2218192,66.0,1010713,9.46,1980539,52.6,1013672,9.02,1793244,42.7,1011419,8.65,1756432,34.5,1014759,8.8,1917941,36.4,1014639,8.98,1935260,41.9,1014522,8.99,1740290,46.0,1016080,9.21,1739123,52.3,1017269,9.19,1731169,60.1,1018958,9.35,1863497,72.4,1019759,10.4,2082153,74.2,1019647,10.79,2266137,70.5,1020436,10.59,2206347,66.5,1020823,9.87,2021836,57.4,1020866,9.78,1827009,42.4,1020594,8.98,1787437,37.6,1022697,9.11,1914964,35.6,1019056,9.6,1944940,41.4,1019387,9.56,1701597,47.6,1020741,9.37,1774464,52.5,1020872,9.21,1714724,58.3,1020892,9.31,1768045,71.6,1022351,10.25,2024726,73.1,1022375,10.49,2211223,73.4,1023219,10.34,2252898,69.0,1023830,9.87,2088362,57.5,1025121,9.47,1897002,43.4,1024746,8.92,1798652,35.9,1026465,8.64,1916919,34.3,1027796,9.0,1942663,42.0,1025236,8.57,1770138,48.3,1026906,8.61,1730869,52.3,1026394,8.31,1696999,59.4,1026723,8.53,1788882,73.0,1027681,9.39,2070872,76.9,1027681,9.82,2317235,70.1,1028472,9.93,2234240,65.9,1029376,9.64,2000137,59.6,1029318,9.04,1824233,46.7,1029608,8.75,1761891,37.8,1030406,9.26,1901388,37.0,1039588,9.03,1901509,44.4,1039127,9.69,1673295,51.1,1040209,9.48,1730367,53.6,1039469,9.25,1699899,60.1,1038583,9.46,1819620,72.7,1040792,10.16,2143924,74.5,1041097,10.57,2339069,70.7,1046565,10.24,2259885,66.2,1042350,9.89,2038716,56.2,1044201,9.32,1862783
NY,25.2,7697355,14.33,12188676,16.2,7667674,14.44,12033235,30.2,7674851,14.71,11872331,41.2,7670098,14.73,11041362,56.2,7664659,15.22,11294645,65.7,7664409,15.92,12511957,66.7,7673965,15.98,13993053,67.8,7676064,16.33,14038983,62.0,7666195,15.51,13258709,54.9,7669568,15.26,12187344,35.9,7672342,14.71,11494562,25.9,7692912,15.08,12262667,25.9,7930250,15.24,12283409,23.5,7925543,15.22,11838353,29.3,7927565,15.02,11670292,48.4,7933280,15.81,10673259,51.7,7938361,16.34,10588815,66.6,7933209,17.98,12283323,69.1,7937001,18.92,13930986,64.8,7942439,18.81,13669572,60.7,7938395,17.6,12734589,46.4,7943649,15.83,11231535,36.4,7946167,15.01,10971887,26.5,7960042,14.76,12176916,15.0,7945170,15.38,12841911,24.7,7948128,14.99,11718315,33.1,7954881,14.39,11315913,45.8,7958755,14.1,10642061,55.1,7952528,14.78,10583232,62.1,7957875,15.89,11054676,65.2,7960438,16.48,12570164,67.9,7959327,16.43,13468857,58.4,7958340,16.44,12326228,45.9,7970230,15.77,10938845,41.8,7961599,14.67,10670570,25.2,7990693,15.44,11903625,21.8,7979330,15.54,12479249,24.1,7971945,15.76,11573522,38.2,8002339,15.29,11228223,49.2,7999226,15.86,10298108,58.6,7995568,16.48,10666624,65.1,8000829,17.33,12297255,71.4,8004934,18.24,14686481,68.2,8007632,17.25,14574946,60.9,8008528,16.64,12791492,48.5,8014054,16.14,11244352,37.9,8009612,15.9,10677079,23.1,8024574,15.69,12106243,18.6,8021683,15.49,12424996,21.8,8026546,15.37,11775235,30.9,8028062,15.09,11530654,45.0,8027735,15.1,10775875,58.0,8026417,15.65,10689332,65.1,8033647,16.79,12129006,71.4,8026546,17.2,14203370,67.6,8035950,17.11,14159584,62.6,8036926,16.64,12805244,49.6,8037635,15.79,11361905,43.1,8033897,14.92,10724396,31.8,8047111,14.72,11467012,26.0,8022328,14.64,11897042,29.9,8025442,14.34,11322082,43.3,8030480,14.35,11053953,43.9,8035103,14.39,10469399,60.5,8030941,14.69,10702536,64.6,8307567,15.89,12046524,71.4,8033379,16.43,14225043,68.4,8041323,15.77,14347911,59.9,8040760,16.05,13541788,50.9,8042271,15.21,11163410,35.7,8035126,14.46,10744222,31.6,8040997,14.72,11648759,24.3,8068997,15.02,12465921,23.3,8065274,15.88,12149425,30.6,8067359,15.07,11696082,43.4,8074657,14.24,11271233,57.2,8075372,14.71,11025368,64.0,8074943,16.03,12355071,71.2,8079320,16.94,14662838,65.8,8082313,16.24,14286789,58.3,8077776,16.3,13130506,50.8,8080219,15.17,11443807,34.4,8078979,14.15,11002216,25.4,8089526,14.74,12405870,16.9,8103587,16.57,13016999,18.8,8101326,17.81,12699456,23.6,8093991,17.08,12154725,43.5,8092162,15.29,11217071,56.7,8093716,15.47,11156846,65.0,8098703,16.51,12044833,67.4,8091650,16.89,13870938,65.3,8101156,16.27,13418543,60.1,8096439,16.38,13047545,51.3,8104271,15.59,11403056,35.3,8103599,15.34,11245691,30.2,8122573,15.38,12096209,16.2,8124559,15.36,12763532,9.2,8135129,16.07,12568885,25.5,8140434,15.91,12485820,43.3,8135296,14.39,11290966,61.0,8133059,14.72,10645294,63.0,8138670,15.45,12627903,68.1,8141232,15.91,13788483,67.5,8145975,15.76,14437355,65.0,8144285,15.79,13935425,47.4,8152231,15.08,11683713,42.8,8149139,14.19,10901380,39.3,8162314,14.09,11784899,23.7,8164984,13.55,12293266,26.7,8172497,13.71,11835041,37.7,8175727,13.67,11628673,41.3,8181542,13.8,10728090,55.7,8181120,13.74,10769987,64.1,8192379,14.95,12297750,70.4,8322310,15.37,14427051,70.9,8188993,15.51,15262546,62.9,8198470,15.63,14050410,50.5,8198148,14.81,11481032,40.2,8202849,14.13,11070295,27.6,8214372,13.93,11958896,28.0,8219372,14.22,12318001,30.7,8216853,13.81,11609488,28.2,8236688,14.2,11196547,48.8,8231419,13.81,10745198,54.0,8245840,14.65,10474914,64.0,8244484,15.7,11966658,68.1,8243072,15.97,14045717,65.6,8248352,15.78,13816976,62.4,8254011,15.78,12563619,54.9,8257333,15.07,11654858
OR,30.2,1444609,6.86,4931154,36.5,1446201,6.88,4314556,43.5,1448552,6.84,4131638,44.7,1449871,6.79,3759233,53.1,1454586,6.71,3729374,58.6,1455315,6.88,3785065,69.6,1456137,7.13,4028925,64.8,1457313,7.06,4082970,56.6,1458842,7.19,3746653,46.2,1461413,7.25,3722606,39.1,1461020,7.33,3942895,30.5,1461753,7.27,4521896,28.5,1864047,7.42,4783828,35.8,1866872,7.35,4258655,36.5,1872197,7.32,4333598,40.3,1868697,7.36,3926609,51.6,1872888,7.13,3861812,56.6,1873232,7.08,3812310,66.3,1879590,7.04,4143912,65.2,1880361,7.1,4054634,59.4,1880539,7.18,3708296,48.8,1879116,7.3,3778596,42.4,1872141,7.34,3821362,30.2,1873047,7.26,4703865,34.2,1874649,7.36,4502810,35.0,1876182,7.51,4092404,36.4,1882201,7.36,4213548,43.4,1877752,7.37,3691684,53.2,1881936,7.43,3599165,58.4,1884049,7.46,3540085,68.0,1886067,7.51,4136842,65.3,1885230,7.37,3819609,61.4,1887199,7.45,3645760,45.1,1885893,7.54,3683604,38.2,1880161,7.73,3837820,28.5,1884493,7.57,4803565,36.9,1882127,7.43,4129831,37.6,1883329,7.49,3799942,39.5,1890250,7.66,3966472,42.0,1886470,7.55,3700828,46.4,1889481,7.59,3557333,55.6,1888774,7.48,3509903,65.3,1894897,7.6,3941777,63.5,1896218,7.44,3907801,58.5,1896880,7.51,3569434,50.0,1891525,7.62,3607740,36.7,1889396,7.69,3945566,33.4,1893262,7.63,4389318,33.9,1889126,7.98,4525733,32.6,1888522,8.13,4014393,37.9,1896685,7.97,4189416,39.5,1891338,7.97,3807349,46.5,1895253,7.95,3640038,54.9,1894836,7.92,3547420,62.7,1896696,7.97,3751649,66.1,1899200,7.97,4007383,62.6,1899942,7.98,3683735,49.0,1899494,8.08,3578609,37.0,1898243,8.29,3912848,32.6,1899698,8.23,4512872,34.4,1895763,8.27,4387505,34.6,1899382,8.26,4014413,38.3,1901124,8.26,4159660,45.9,1900189,8.18,3661494,50.8,1904716,8.13,3626826,55.5,1902543,8.06,3568877,66.3,1904183,8.19,3911412,67.7,1906727,8.16,4048787,61.8,1904231,8.14,3533017,48.8,1909347,8.21,3661332,40.6,1905873,8.36,3811429,31.5,1908238,8.3,4304103,29.7,1905110,8.39,4683617,35.1,1903694,8.45,3940330,40.9,1905386,8.37,3992471,44.6,1905975,8.28,3688520,52.5,1909127,8.34,3641613,59.4,1907268,8.34,3573211,69.4,1910429,8.49,4048469,66.5,1910262,8.35,3956492,58.3,1912122,8.35,3606856,46.2,1915820,8.52,3818573,39.4,1912805,8.63,3912268,29.7,1914552,8.66,4778560,36.7,1915589,8.7,4529651,35.3,1914078,8.85,4183695,41.8,1917682,8.69,3924957,45.8,1916616,8.52,3673934,53.3,1922191,8.58,3606326,58.1,1920870,8.51,3595551,70.0,1924431,8.77,4164723,66.6,1924984,8.67,4050263,60.8,1926447,8.66,3686278,52.9,1929306,8.66,3622995,38.2,1927477,8.81,3931624,36.0,1928034,8.71,4364957,38.1,1929811,8.69,4357202,41.7,1930923,8.71,3721556,45.7,1934672,8.73,3908913,44.7,1935182,8.68,3712178,53.5,1939070,8.64,3612759,65.6,1940105,8.78,3965574,67.5,1943736,8.97,4197389,66.9,1944144,8.6,4123038,58.1,1948278,8.67,3593767,54.3,1950919,8.75,3678486,35.8,1947654,8.88,3986211,32.4,1951476,8.82,4406900,33.1,1949606,8.78,4476229,40.2,1952865,8.8,3905278,41.2,1959051,8.78,3968898,50.1,1956188,8.65,3508242,53.2,1959970,8.75,3621875,60.5,1964504,8.74,3825969,64.4,1961580,8.8,3951826,66.7,1967398,8.88,4205747,57.1,1970009,8.81,3526906,48.1,1970625,8.94,3746808,43.2,1970355,8.95,3778303,27.4,1973188,9.05,4833270,26.8,1987687,9.09,4870874,34.8,1989747,8.97,4059592,41.6,1995405,9.04,4056535,42.9,1994104,8.81,3687148,52.9,2001976,8.84,3711513,59.9,2003589,8.87,3730767,69.2,2003919,8.98,4086100,69.6,2007289,9.0,4233504,59.6,2005558,8.91,3645778,47.0,2010480,8.99,3646594
TX,42.5,7882416,9.93,28194356,49.4,7889234,9.99,26280458,61.9,7910179,10.1,24998018,61.7,7897536,10.05,24502029,71.4,7894143,10.1,26883068,77.9,7845627,10.41,30251814,79.0,7914607,10.37,32679289,81.8,7924912,10.28,35330836,77.1,7908387,10.3,33193019,68.6,7935269,10.14,30043795,57.6,7916231,9.74,25475185,49.2,7912174,9.73,25996715,46.1,10996345,10.14,28112925,53.2,11033211,9.77,26480328,58.4,11033978,10.1,25400902,65.3,10997233,10.52,25400068,74.3,11019093,10.62,29581127,82.9,11022448,11.92,33656686,81.7,11041611,12.22,35785373,80.8,11038396,11.9,35633215,73.3,11033197,11.33,30580544,65.4,11031105,10.98,27016632,56.8,11098629,10.56,24138066,48.2,11146125,10.82,26028781,47.9,11050361,10.41,28331887,55.5,11012705,10.41,24237577,59.5,11059930,10.02,25380423,64.8,11054771,9.74,25230186,73.6,11040079,9.87,26511720,81.7,11057066,10.27,31525789,84.1,11079583,10.02,36817135,83.3,11071850,9.85,36275885,74.1,11089555,9.64,32093920,64.2,11107112,9.39,27872072,57.3,11054149,9.24,23222924,43.1,11089955,9.36,27851900,44.4,11018124,9.43,30235389,44.0,11020940,9.49,26517691,54.8,11079822,9.38,26681477,65.1,11079906,9.34,24541760,73.8,11078341,9.3,27222961,82.7,11158829,9.57,33553242,81.4,11223380,9.53,36387489,84.4,11193437,9.63,38732076,77.7,11182712,9.35,34655355,67.2,11184565,9.15,28534649,56.6,11158445,8.66,24739327,49.2,11109877,9.02,26656135,45.0,10992210,8.7,29993367,48.7,10965429,8.94,27945669,61.8,11050108,8.75,26464992,70.3,11023642,8.59,26963245,74.1,11073917,8.83,29173907,85.2,11117628,9.28,35730168,87.0,11100911,9.34,38540463,88.2,11191649,9.62,41667168,77.9,11158954,9.34,36600689,66.9,11123698,8.74,29754848,56.9,11088830,8.58,25503940,46.1,11122678,8.61,27726661,50.4,11125864,8.56,28330456,51.8,11124817,8.59,25728887,63.2,11192016,8.31,26164763,70.2,11218534,8.26,26338924,75.5,11279755,8.35,30054728,82.4,11280211,8.71,34088196,83.4,11315706,8.78,37508391,83.7,11332170,8.87,39226454,76.6,11241738,8.78,34606094,65.9,11324497,8.43,29705218,59.0,11269271,8.27,26384824,51.1,11290960,8.38,26967196,47.9,11349571,8.45,30578184,51.7,11288841,8.39,26228296,57.2,11325614,8.31,26795885,63.0,11398736,8.38,27170772,72.5,11413300,8.59,29266797,81.8,11390695,8.89,34634796,81.3,11454887,9.01,37888726,83.3,11499455,9.0,39328028,78.2,11455502,8.81,36987510,66.7,11521499,8.63,31956045,52.9,11411481,8.39,27074170,44.8,11494286,8.67,30908046,44.5,11617147,8.75,33491405,48.4,11591956,8.85,30082500,54.8,11661903,8.79,29007544,65.4,11619915,8.55,27846934,72.0,11639329,8.55,30309120,80.6,11587761,9.2,34707247,81.7,11713444,9.33,37815771,82.6,11731752,9.28,38763079,76.4,11749330,9.16,37723702,69.6,11768511,8.95,32563728,51.5,11628076,8.75,27776394,50.7,11766530,8.81,29582396,44.0,11759116,9.01,32573796,48.2,11738308,8.94,28980372,56.2,11816812,8.85,30352382,66.6,11824343,8.46,27952976,71.6,11805922,8.63,29248236,79.3,11878548,8.84,34721328,83.2,11888245,8.9,40173894,83.3,11914037,8.98,40722089,79.2,11893348,8.8,37592920,69.2,11933121,8.35,33579866,57.3,11832957,8.13,27225486,51.5,11911789,8.22,29214009,46.4,11961940,8.38,32141262,54.4,12040108,8.36,29074793,61.2,12049611,8.23,28087577,66.1,12041076,8.13,27839850,71.6,12073531,8.26,30204873,80.1,12087687,8.54,35736365,85.4,12041393,8.65,40978236,81.5,12138665,8.65,42140094,77.6,12114022,8.7,38567586,70.9,12151301,8.42,34223250,61.0,12078182,8.25,29054828,49.6,12116816,8.23,30613095,50.8,12080313,8.49,31307256,58.5,12011187,8.42,26665351,63.7,12155823,8.29,28292152,67.2,12056254,8.42,27263895,72.0,12252354,8.46,31442815,80.6,12257271,8.65,36256039,83.5,12231309,8.82,39434479,80.6,12318768,8.77,40464524,76.5,12218486,8.77,35780185,66.5,12334991,8.55,33574330
UT,22.4,884392,5.86,2369576,34.3,885782,6.06,2067897,43.0,887324,6.03,2044207,48.3,888437,6.05,1963987,57.7,890844,6.42,2268695,68.2,890613,6.96,2407648,76.2,892429,7.18,2890938,72.8,895093,6.91,2780520,61.7,897173,6.91,2295146,48.9,897880,6.53,2071599,40.6,899033,5.83,2189957,24.6,901566,5.8,2435279,22.8,1046156,5.98,2496638,30.5,1045302,5.99,2208136,37.2,1046610,5.96,2183990,43.1,1046692,6.23,2089393,52.8,1048447,6.45,2168849,65.0,1048336,7.04,2398901,74.1,1049490,7.13,2869306,71.6,1051292,7.05,2761595,61.9,1052020,6.99,2244079,50.4,1052556,6.7,2247995,40.9,1052132,6.09,2166622,27.0,1053897,5.97,2356008,29.5,1056808,6.19,2418546,33.1,1056996,6.22,2120652,39.2,1057380,6.32,2171113,45.3,1057145,6.53,1978077,58.7,1058427,6.85,2124676,62.0,1058109,7.51,2133618,73.2,1058079,7.49,2809233,69.7,1059410,7.38,2624162,64.3,1060792,7.22,2484673,45.7,1061848,6.89,2144331,39.0,1062849,6.18,2052307,21.6,1065073,6.19,2525313,27.0,1063993,6.4,2370752,29.9,1064577,6.4,2184937,38.0,1065417,6.58,2168371,44.7,1065855,6.71,2012718,50.2,1067034,7.07,2109651,65.4,1067328,7.56,2305287,73.1,1067731,7.73,2889635,69.3,1069523,7.57,2700473,63.8,1074327,7.41,2395277,51.1,1070270,7.0,2249309,34.8,1071732,6.2,2239350,32.5,1072774,6.35,2418242,25.4,1075939,6.47,2448763,28.6,1076683,6.58,2216458,39.4,1077334,6.59,2268269,43.5,1077205,6.58,2188325,50.8,1078395,6.95,2192416,63.3,1077467,7.58,2347461,71.8,1077264,7.7,2768207,72.5,1078096,7.58,2818384,63.2,1078452,7.77,2492126,50.0,1079097,7.61,2305683,36.0,1080573,6.82,2282996,26.8,1082033,6.98,2529857,31.0,1086622,7.27,2420866,31.7,1088120,7.31,2312926,42.6,1088810,7.28,2224877,49.6,1088343,7.43,2186109,58.0,1089573,7.82,2368848,68.7,1089482,8.54,2580975,73.2,1090233,8.59,2962290,73.0,1092790,8.46,2976600,63.6,1093635,8.33,2479999,50.9,1094444,7.73,2401100,41.2,1096309,7.47,2268020,27.8,1097878,7.42,2540760,19.7,1101967,7.51,2680540,27.6,1102220,7.63,2332062,41.0,1104052,7.71,2284493,45.0,1104554,7.69,2217169,56.0,1106410,8.2,2370353,69.2,1107528,8.79,2670238,74.6,1106324,8.85,2941900,71.0,1109860,8.82,3069813,61.4,1107524,8.7,2552272,46.4,1109840,8.23,2321063,38.0,1110777,7.58,2344232,23.1,1113930,7.7,2689898,30.4,1123054,7.66,2574185,35.7,1123192,7.81,2235084,41.0,1124407,7.9,2318322,46.7,1125041,7.78,2279818,56.5,1125951,8.42,2392042,66.0,1126791,9.09,2618947,74.6,1127370,9.13,3081892,67.7,1129416,8.91,2781561,64.2,1130971,8.91,2591233,53.1,1132938,8.28,2324168,37.7,1135771,8.15,2338191,31.7,1130912,7.78,2507576,32.1,1138314,7.84,2554939,38.9,1139583,7.96,2215613,44.9,1147942,8.12,2294411,47.1,1149071,8.07,2234525,53.8,1151516,8.57,2287615,70.0,1152190,9.19,2741741,70.1,1154034,9.46,2914940,71.0,1157165,9.09,2974736,65.5,1158027,9.28,2544848,54.3,1159222,8.46,2419050,34.5,1161613,8.02,2417196,26.6,1163974,7.99,2592736,26.6,1168140,8.17,2582126,33.7,1168969,8.22,2347243,42.2,1170238,8.2,2246162,47.9,1171403,8.24,2204185,54.4,1173436,8.65,2295621,70.9,1174315,9.65,2774149,73.7,1175520,9.46,3074741,70.1,1178373,9.46,2962470,61.1,1179580,9.23,2473278,53.2,1181424,8.48,2331180,41.6,1184330,8.15,2272320,27.4,1185467,8.14,2616060,25.8,1175738,8.27,2566590,36.5,1176028,8.19,2188336,45.2,1177909,8.3,2282861,46.1,1178508,7.96,2264930,55.6,1181784,8.82,2352375,69.4,1182279,9.41,2768220,74.9,1182852,9.67,3116449,71.4,1185942,9.4,3006672,60.8,1184238,8.98,2539930,48.3,1189603,8.26,2325870
